Transaction ID,Date,Year,Bank,Transaction Type,Category,Sub Category,Payment Method,Merchant,Description,Amount,Budget,Savings,Location,Status,Recurring,Tax,Balance
TXN0001,14-Jun-2026,2026,Axis,Expense,Healthcare,Pharmacy,Bank Transfer,Apollo Pharmacy,Pharmacy,5072,4000,2000,Mumbai,Completed,No,No,19928
TXN0002,10-Jan-2026,2026,Axis,Income,Salary,Monthly Salary,Cash,Employer,Monthly salary received,50000,0,2000,Mumbai,Completed,Yes,Yes,69928
TXN0003,03-Jan-2026,2026,HDFC,Expense,Shopping,Clothing,Debit Card,Ajio,Clothing,7555,8000,0,Chennai,Completed,No,Yes,62373
TXN0004,03-Apr-2026,2026,ICICI,Expense,Rent,House Rent,Cash,City Homes,House Rent,22000,20000,2000,Delhi,Completed,Yes,No,40373
TXN0005,29-May-2026,2026,HDFC,Income,Freelancing,Project,Net Banking,Freelance Client,Freelance project payment,5000,0,10000,Chennai,Completed,No,No,45373
TXN0006,13-Jun-2026,2026,ICICI,Expense,Healthcare,Medical,Net Banking,City Hospital,Medical,2839,4000,0,Bengaluru,Completed,Yes,No,42534
TXN0007,30-Apr-2026,2026,SBI,Expense,Entertainment,Movies,Cash,INOX,Movies,11126,3000,0,Hyderabad,Completed,No,No,31408
TXN0008,11-Mar-2026,2026,Axis,Expense,Internet,Broadband,Credit Card,Airtel,Broadband,16858,2000,1000,Bengaluru,Completed,Yes,Yes,14550
TXN0009,06-Feb-2026,2026,HDFC,Expense,Shopping,Supermarket,Net Banking,DMart,Supermarket,14538,8000,500,Chennai,Completed,No,Yes,12
TXN0010,12-May-2026,2026,SBI,Expense,Food,Restaurant,Bank Transfer,Indian Oil,Restaurant,5742,10000,2000,Mumbai,Completed,No,No,-5730
TXN0011,09-Apr-2026,2026,SBI,Expense,Entertainment,Movies,Bank Transfer,INOX,Movies,4253,3000,500,Delhi,Completed,Yes,No,-9983
TXN0012,18-Mar-2026,2026,SBI,Expense,Shopping,Supermarket,Net Banking,DMart,Supermarket,6354,8000,500,Bengaluru,Completed,No,Yes,-16337
TXN0013,07-Apr-2026,2026,HDFC,Expense,Entertainment,Movies,Credit Card,INOX,Movies,11121,3000,0,Delhi,Completed,No,No,-27458
TXN0014,04-Mar-2026,2026,Axis,Expense,Food,Groceries,Cash,BigBasket,Groceries,16424,10000,0,Bengaluru,Completed,Yes,No,-43882
TXN0015,22-May-2026,2026,HDFC,Expense,Electricity,Bill,Bank Transfer,Electricity Board,Bill,7091,3000,500,Hyderabad,Completed,Yes,No,-50973
TXN0016,24-Apr-2026,2026,SBI,Expense,Food,Dining,Net Banking,Food Court,Dining,1189,10000,0,Mumbai,Completed,Yes,No,-52162
TXN0017,03-Jan-2026,2026,Axis,Expense,Healthcare,Pharmacy,Debit Card,Apollo Pharmacy,Pharmacy,1529,4000,2000,Chennai,Completed,No,No,-53691
TXN0018,22-Jun-2026,2026,SBI,Expense,Transport,Cab,Credit Card,Uber,Cab,15998,5000,0,Bengaluru,Completed,No,No,-69689
TXN0019,02-Apr-2026,2026,SBI,Expense,Rent,House Rent,Bank Transfer,ABC Properties,House Rent,22000,20000,500,Pune,Completed,Yes,No,-91689
TXN0020,20-Feb-2026,2026,HDFC,Expense,Electricity,Bill,Credit Card,Electricity Board,Bill,9627,3000,0,Delhi,Completed,Yes,No,-101316
TXN0021,22-May-2026,2026,Axis,Expense,Entertainment,Movies,UPI,INOX,Movies,3556,3000,1000,Mumbai,Completed,No,No,-104872
TXN0022,25-Feb-2026,2026,SBI,Income,Salary,Monthly Salary,Cash,Employer,Monthly salary received,55000,0,5000,Mumbai,Completed,Yes,Yes,-49872
TXN0023,10-Feb-2026,2026,HDFC,Income,Salary,Monthly Salary,Bank Transfer,Employer,Monthly salary received,55000,0,0,Hyderabad,Completed,Yes,Yes,5128
TXN0024,16-Jan-2026,2026,Axis,Income,Salary,Monthly Salary,Bank Transfer,Employer,Monthly salary received,60000,0,2000,Bengaluru,Completed,Yes,Yes,65128
TXN0025,19-Apr-2026,2026,ICICI,Income,Freelancing,Project,Cash,Freelance Client,Freelance project payment,12000,0,5000,Hyderabad,Completed,No,Yes,77128
TXN0026,20-Jan-2026,2026,Axis,Expense,Food,Groceries,Net Banking,DMart,Groceries,7484,10000,0,Pune,Completed,No,No,69644
TXN0027,05-Mar-2026,2026,ICICI,Income,Bonus,Bonus,Bank Transfer,Employer,Performance bonus,15000,0,5000,Hyderabad,Completed,Yes,Yes,84644
TXN0028,10-Mar-2026,2026,Axis,Expense,Fuel,Petrol,Net Banking,Indian Oil,Petrol,9732,5000,500,Mumbai,Completed,No,No,74912
TXN0029,11-May-2026,2026,SBI,Expense,Rent,House Rent,Cash,City Homes,House Rent,20000,20000,0,Hyderabad,Completed,Yes,No,54912
TXN0030,14-Jun-2026,2026,ICICI,Expense,Entertainment,Streaming,Cash,Netflix,Streaming,816,3000,0,Bengaluru,Completed,No,No,54096
TXN0031,31-May-2026,2026,HDFC,Income,Salary,Monthly Salary,Net Banking,Employer,Monthly salary received,55000,0,2000,Pune,Completed,Yes,Yes,109096
TXN0032,25-May-2026,2026,SBI,Expense,Healthcare,Pharmacy,Credit Card,MedPlus,Pharmacy,6301,4000,0,Delhi,Completed,No,No,102795
TXN0033,22-Jun-2026,2026,HDFC,Income,Freelancing,Project,Cash,Freelance Client,Freelance project payment,5000,0,2000,Hyderabad,Completed,No,No,107795
TXN0034,21-Mar-2026,2026,HDFC,Income,Salary,Monthly Salary,Bank Transfer,Employer,Monthly salary received,55000,0,5000,Bengaluru,Completed,Yes,Yes,162795
TXN0035,24-Jun-2026,2026,ICICI,Income,Interest,Interest,Bank Transfer,ICICI Bank,Bank interest received,1200,0,10000,Mumbai,Completed,No,No,163995
TXN0036,23-Apr-2026,2026,Axis,Expense,Healthcare,Medical,Bank Transfer,City Hospital,Medical,1954,4000,0,Pune,Completed,No,No,162041
TXN0037,22-Apr-2026,2026,Axis,Expense,Internet,Broadband,Net Banking,JioFiber,Broadband,10340,2000,500,Chennai,Completed,Yes,Yes,151701
TXN0038,15-Apr-2026,2026,ICICI,Income,Salary,Monthly Salary,UPI,Employer,Monthly salary received,50000,0,10000,Delhi,Completed,Yes,Yes,201701
TXN0039,16-Mar-2026,2026,HDFC,Expense,Internet,Mobile,Credit Card,Jio,Mobile,14976,2000,0,Pune,Completed,Yes,Yes,186725
TXN0040,19-Jun-2026,2026,Axis,Expense,Internet,Broadband,Bank Transfer,Airtel,Broadband,8196,2000,500,Hyderabad,Completed,Yes,Yes,178529
TXN0041,08-Feb-2026,2026,Axis,Expense,Transport,Cab,Credit Card,Uber,Cab,15423,5000,2000,Mumbai,Completed,Yes,No,163106
TXN0042,08-May-2026,2026,SBI,Income,Freelancing,Project,Net Banking,ABC Pvt Ltd,Freelance project payment,15000,0,10000,Bengaluru,Completed,No,Yes,178106
TXN0043,02-Feb-2026,2026,SBI,Expense,Entertainment,Streaming,Net Banking,Spotify,Streaming,15002,3000,2000,Bengaluru,Completed,Yes,No,163104
TXN0044,11-Feb-2026,2026,SBI,Expense,Healthcare,Medical,Credit Card,Care Clinic,Medical,17581,4000,0,Pune,Completed,Yes,No,145523
TXN0045,21-Jan-2026,2026,ICICI,Expense,Internet,Broadband,UPI,JioFiber,Broadband,5034,2000,0,Bengaluru,Completed,Yes,Yes,140489
TXN0046,01-Jul-2026,2026,HDFC,Expense,Internet,Mobile,Cash,Jio,Mobile,14124,2000,0,Mumbai,Completed,Yes,Yes,126365
TXN0047,31-May-2026,2026,Axis,Expense,Rent,House Rent,Credit Card,ABC Properties,House Rent,22000,20000,2000,Delhi,Completed,Yes,No,104365
TXN0048,27-Feb-2026,2026,ICICI,Expense,Electricity,Bill,Bank Transfer,Electricity Board,Bill,13748,3000,0,Pune,Completed,Yes,No,90617
TXN0049,10-Jun-2026,2026,Axis,Expense,Rent,House Rent,Credit Card,ABC Properties,House Rent,18000,20000,0,Pune,Completed,Yes,No,72617
TXN0050,09-Apr-2026,2026,ICICI,Expense,Internet,Mobile,Credit Card,Airtel,Mobile,9617,2000,500,Bengaluru,Completed,Yes,Yes,63000
TXN0051,06-Jan-2026,2026,Axis,Expense,Food,Groceries,UPI,Reliance Fresh,Groceries,1516,10000,0,Hyderabad,Completed,No,No,61484
TXN0052,04-Mar-2026,2026,HDFC,Expense,Healthcare,Medical,Debit Card,City Hospital,Medical,8896,4000,2000,Pune,Completed,No,No,52588
TXN0053,22-Mar-2026,2026,Axis,Income,Salary,Monthly Salary,Net Banking,Employer,Monthly salary received,60000,0,0,Delhi,Completed,Yes,Yes,112588
TXN0054,29-Jun-2026,2026,ICICI,Expense,Food,Groceries,Net Banking,BigBasket,Groceries,11877,10000,500,Chennai,Completed,No,No,100711
TXN0055,05-Jan-2026,2026,SBI,Income,Interest,Interest,Cash,ICICI Bank,Bank interest received,800,0,5000,Pune,Completed,No,No,101511
TXN0056,23-Apr-2026,2026,ICICI,Expense,Food,Dining,UPI,Food Court,Dining,15271,10000,2000,Hyderabad,Completed,No,No,86240
TXN0057,29-Mar-2026,2026,Axis,Expense,Fuel,Petrol,Debit Card,HP Petrol,Petrol,7450,5000,500,Pune,Completed,No,No,78790
TXN0058,24-May-2026,2026,Axis,Expense,Food,Restaurant,Credit Card,Local Restaurant,Restaurant,13817,10000,0,Delhi,Completed,Yes,No,64973
TXN0059,16-Jun-2026,2026,SBI,Expense,Food,Dining,Credit Card,Cafe Coffee,Dining,7761,10000,0,Pune,Completed,Yes,No,57212
TXN0060,03-May-2026,2026,ICICI,Expense,Entertainment,Streaming,Bank Transfer,Spotify,Streaming,12028,3000,500,Pune,Completed,No,No,45184
TXN0061,02-Mar-2026,2026,Axis,Income,Salary,Monthly Salary,Net Banking,Employer,Monthly salary received,50000,0,10000,Chennai,Completed,Yes,Yes,95184
TXN0062,27-Jan-2026,2026,HDFC,Expense,Fuel,Petrol,Bank Transfer,HP Petrol,Petrol,963,5000,0,Hyderabad,Completed,Yes,No,94221
TXN0063,15-Jan-2026,2026,ICICI,Expense,Transport,Cab,Net Banking,Ola,Cab,901,5000,1000,Chennai,Completed,No,No,93320
TXN0064,30-Mar-2026,2026,HDFC,Expense,Transport,Cab,Credit Card,Uber,Cab,2641,5000,0,Mumbai,Completed,No,No,90679
TXN0065,09-Feb-2026,2026,ICICI,Expense,Food,Delivery,Net Banking,Zomato,Delivery,7895,10000,1000,Mumbai,Completed,No,No,82784
TXN0066,01-Jun-2026,2026,SBI,Expense,Rent,House Rent,Debit Card,ABC Properties,House Rent,18000,20000,0,Hyderabad,Completed,Yes,No,64784
TXN0067,15-Feb-2026,2026,Axis,Income,Salary,Monthly Salary,Bank Transfer,Employer,Monthly salary received,55000,0,2000,Bengaluru,Completed,Yes,Yes,119784
TXN0068,30-Jun-2026,2026,SBI,Expense,Shopping,Supermarket,Credit Card,DMart,Supermarket,6982,8000,2000,Mumbai,Completed,No,Yes,112802
TXN0069,11-Mar-2026,2026,HDFC,Income,Freelancing,Project,Bank Transfer,Freelance Client,Freelance project payment,15000,0,5000,Mumbai,Completed,No,Yes,127802
TXN0070,10-May-2026,2026,SBI,Income,Salary,Monthly Salary,UPI,Employer,Monthly salary received,55000,0,0,Pune,Completed,Yes,Yes,182802
TXN0071,23-Jun-2026,2026,Axis,Expense,Rent,House Rent,Debit Card,City Homes,House Rent,22000,20000,0,Chennai,Completed,Yes,No,160802
TXN0072,25-Jan-2026,2026,SBI,Expense,Internet,Broadband,Debit Card,JioFiber,Broadband,5769,2000,1000,Hyderabad,Completed,Yes,Yes,155033
TXN0073,20-Jun-2026,2026,SBI,Income,Salary,Monthly Salary,Bank Transfer,Employer,Monthly salary received,55000,0,10000,Delhi,Completed,Yes,Yes,210033
TXN0074,17-Apr-2026,2026,Axis,Expense,Transport,Metro,UPI,Metro Rail,Metro,2191,5000,2000,Bengaluru,Completed,No,No,207842
TXN0075,24-Apr-2026,2026,SBI,Income,Freelancing,Project,UPI,Freelance Client,Freelance project payment,8000,0,0,Mumbai,Completed,Yes,No,215842
TXN0076,28-Feb-2026,2026,Axis,Expense,Fuel,Petrol,Net Banking,HP Petrol,Petrol,10063,5000,500,Pune,Completed,Yes,No,205779
TXN0077,02-May-2026,2026,HDFC,Expense,Electricity,Bill,Bank Transfer,Electricity Board,Bill,17154,3000,0,Pune,Completed,Yes,No,188625
TXN0078,18-Apr-2026,2026,ICICI,Expense,Rent,House Rent,UPI,City Homes,House Rent,22000,20000,1000,Delhi,Completed,Yes,No,166625
TXN0079,28-Mar-2026,2026,SBI,Expense,Healthcare,Pharmacy,UPI,MedPlus,Pharmacy,13049,4000,0,Pune,Completed,No,No,153576
TXN0080,01-Jul-2026,2026,SBI,Expense,Fuel,Petrol,UPI,HP Petrol,Petrol,1713,5000,2000,Pune,Completed,Yes,No,151863
TXN0081,24-Apr-2026,2026,Axis,Expense,Rent,House Rent,Cash,City Homes,House Rent,18000,20000,1000,Delhi,Completed,Yes,No,133863
TXN0082,10-Jun-2026,2026,SBI,Income,Salary,Monthly Salary,Cash,Employer,Monthly salary received,55000,0,0,Chennai,Completed,Yes,Yes,188863
TXN0083,12-Jun-2026,2026,ICICI,Expense,Electricity,Bill,Credit Card,Electricity Board,Bill,3793,3000,0,Bengaluru,Completed,Yes,No,185070
TXN0084,13-Jan-2026,2026,ICICI,Expense,Internet,Mobile,UPI,Jio,Mobile,5270,2000,2000,Mumbai,Completed,Yes,Yes,179800
TXN0085,14-Feb-2026,2026,HDFC,Expense,Electricity,Bill,Net Banking,Electricity Board,Bill,16807,3000,0,Mumbai,Completed,Yes,No,162993
TXN0086,14-Jun-2026,2026,ICICI,Expense,Rent,House Rent,Cash,City Homes,House Rent,18000,20000,1000,Pune,Completed,Yes,No,144993
TXN0087,14-Jun-2026,2026,SBI,Expense,Shopping,Clothing,Credit Card,Ajio,Clothing,13105,8000,0,Chennai,Completed,No,Yes,131888
TXN0088,29-May-2026,2026,ICICI,Expense,Electricity,Bill,Net Banking,Electricity Board,Bill,765,3000,0,Chennai,Completed,Yes,No,131123
TXN0089,01-Mar-2026,2026,ICICI,Expense,Shopping,Supermarket,Bank Transfer,Reliance Fresh,Supermarket,4981,8000,0,Bengaluru,Completed,No,No,126142
TXN0090,10-Jan-2026,2026,ICICI,Income,Interest,Interest,Net Banking,ICICI Bank,Bank interest received,1500,0,2000,Chennai,Completed,No,No,127642
TXN0091,13-Feb-2026,2026,ICICI,Expense,Shopping,Supermarket,Cash,DMart,Supermarket,11599,8000,0,Pune,Completed,No,Yes,116043
TXN0092,24-Jun-2026,2026,SBI,Expense,Electricity,Bill,Net Banking,Electricity Board,Bill,9165,3000,0,Delhi,Completed,Yes,No,106878
TXN0093,23-Jun-2026,2026,ICICI,Expense,Internet,Broadband,Credit Card,JioFiber,Broadband,8161,2000,0,Delhi,Completed,Yes,Yes,98717
TXN0094,16-Jun-2026,2026,Axis,Expense,Shopping,Supermarket,Cash,DMart,Supermarket,13879,8000,0,Chennai,Completed,No,Yes,84838
TXN0095,08-May-2026,2026,Axis,Expense,Entertainment,Movies,Credit Card,INOX,Movies,13235,3000,2000,Mumbai,Completed,No,No,71603
TXN0096,18-Apr-2026,2026,Axis,Expense,Shopping,Clothing,UPI,Myntra,Clothing,12641,8000,1000,Pune,Completed,No,Yes,58962
TXN0097,27-Jan-2026,2026,ICICI,Expense,Internet,Broadband,Debit Card,Airtel,Broadband,13546,2000,0,Delhi,Completed,Yes,Yes,45416
TXN0098,25-Jan-2026,2026,HDFC,Expense,Rent,House Rent,UPI,ABC Properties,House Rent,18000,20000,2000,Chennai,Completed,Yes,No,27416
TXN0099,23-May-2026,2026,HDFC,Income,Bonus,Bonus,Bank Transfer,Employer,Performance bonus,5000,0,2000,Delhi,Completed,No,No,32416
TXN0100,15-Feb-2026,2026,Axis,Expense,Fuel,Petrol,UPI,Indian Oil,Petrol,12238,5000,500,Chennai,Completed,Yes,No,20178
TXN0101,10-Mar-2026,2026,Axis,Expense,Entertainment,Movies,Credit Card,PVR,Movies,2582,3000,500,Bengaluru,Completed,No,No,17596
TXN0102,10-May-2026,2026,HDFC,Income,Freelancing,Project,Bank Transfer,Freelance Client,Freelance project payment,15000,0,10000,Delhi,Completed,No,Yes,32596
TXN0103,26-Jun-2026,2026,Axis,Expense,Transport,Cab,Debit Card,Uber,Cab,3147,5000,0,Pune,Completed,Yes,No,29449
TXN0104,13-Mar-2026,2026,ICICI,Expense,Entertainment,Streaming,Net Banking,Netflix,Streaming,15367,3000,1000,Pune,Completed,Yes,No,14082
TXN0105,18-Jun-2026,2026,HDFC,Expense,Healthcare,Medical,Credit Card,City Hospital,Medical,11606,4000,1000,Pune,Completed,No,No,2476
TXN0106,21-Apr-2026,2026,ICICI,Expense,Fuel,Petrol,Cash,HP Petrol,Petrol,2699,5000,0,Chennai,Completed,No,No,-223
TXN0107,07-Apr-2026,2026,HDFC,Income,Interest,Interest,Cash,HDFC Bank,Bank interest received,500,0,10000,Delhi,Completed,No,No,277
TXN0108,04-Jun-2026,2026,ICICI,Income,Salary,Monthly Salary,Net Banking,Employer,Monthly salary received,60000,0,0,Hyderabad,Completed,Yes,Yes,60277
TXN0109,31-Jan-2026,2026,ICICI,Expense,Electricity,Bill,Cash,Electricity Board,Bill,9263,3000,0,Delhi,Completed,Yes,No,51014
TXN0110,29-Mar-2026,2026,ICICI,Income,Salary,Monthly Salary,Net Banking,Employer,Monthly salary received,45000,0,0,Mumbai,Completed,Yes,Yes,96014
TXN0111,08-Apr-2026,2026,SBI,Expense,Internet,Mobile,Net Banking,Airtel,Mobile,11129,2000,2000,Pune,Completed,Yes,Yes,84885
TXN0112,10-Feb-2026,2026,HDFC,Income,Salary,Monthly Salary,Cash,Employer,Monthly salary received,60000,0,10000,Delhi,Completed,Yes,Yes,144885
TXN0113,26-Feb-2026,2026,Axis,Expense,Shopping,Supermarket,Net Banking,DMart,Supermarket,16445,8000,500,Hyderabad,Completed,Yes,Yes,128440
TXN0114,13-Apr-2026,2026,Axis,Income,Interest,Interest,UPI,HDFC Bank,Bank interest received,1200,0,0,Mumbai,Completed,No,No,129640
TXN0115,22-Apr-2026,2026,HDFC,Expense,Healthcare,Medical,Credit Card,Care Clinic,Medical,2861,4000,0,Bengaluru,Completed,Yes,No,126779
TXN0116,29-Apr-2026,2026,Axis,Expense,Electricity,Bill,Cash,Electricity Board,Bill,9986,3000,1000,Hyderabad,Completed,Yes,No,116793
TXN0117,14-Feb-2026,2026,SBI,Expense,Food,Delivery,UPI,Zomato,Delivery,3968,10000,2000,Chennai,Completed,No,No,112825
TXN0118,13-Apr-2026,2026,ICICI,Expense,Internet,Broadband,Net Banking,Airtel,Broadband,3002,2000,0,Chennai,Completed,Yes,No,109823
TXN0119,01-Apr-2026,2026,HDFC,Income,Salary,Monthly Salary,Bank Transfer,Employer,Monthly salary received,50000,0,2000,Bengaluru,Completed,Yes,Yes,159823
TXN0120,26-May-2026,2026,SBI,Expense,Internet,Mobile,Credit Card,Jio,Mobile,5446,2000,0,Chennai,Completed,Yes,Yes,154377
TXN0121,12-Jun-2026,2026,ICICI,Expense,Internet,Broadband,Credit Card,Airtel,Broadband,10671,2000,1000,Hyderabad,Completed,Yes,Yes,143706
TXN0122,06-Apr-2026,2026,ICICI,Expense,Food,Delivery,Net Banking,Zomato,Delivery,15662,10000,0,Mumbai,Completed,Yes,No,128044
TXN0123,25-Mar-2026,2026,SBI,Income,Salary,Monthly Salary,Bank Transfer,Employer,Monthly salary received,55000,0,2000,Delhi,Completed,Yes,Yes,183044
TXN0124,24-Apr-2026,2026,SBI,Expense,Fuel,Petrol,Debit Card,HP Petrol,Petrol,12717,5000,1000,Delhi,Completed,No,No,170327
TXN0125,12-Jun-2026,2026,ICICI,Expense,Entertainment,Streaming,Debit Card,Netflix,Streaming,9810,3000,2000,Mumbai,Completed,Yes,No,160517
TXN0126,22-Jan-2026,2026,HDFC,Expense,Electricity,Bill,Debit Card,Electricity Board,Bill,3276,3000,2000,Hyderabad,Completed,Yes,No,157241
TXN0127,03-Feb-2026,2026,Axis,Expense,Entertainment,Streaming,Debit Card,Netflix,Streaming,1097,3000,0,Chennai,Completed,No,No,156144
TXN0128,06-May-2026,2026,HDFC,Expense,Fuel,Petrol,Cash,Bharat Petroleum,Petrol,10192,5000,2000,Bengaluru,Completed,Yes,No,145952
TXN0129,20-Jun-2026,2026,ICICI,Income,Salary,Monthly Salary,Net Banking,Employer,Monthly salary received,50000,0,10000,Delhi,Completed,Yes,Yes,195952
TXN0130,05-Apr-2026,2026,HDFC,Expense,Transport,Cab,UPI,Uber,Cab,17998,5000,1000,Pune,Completed,No,No,177954
TXN0131,24-Jun-2026,2026,SBI,Expense,Electricity,Bill,UPI,Electricity Board,Bill,5810,3000,2000,Pune,Completed,Yes,No,172144
TXN0132,15-Jan-2026,2026,SBI,Expense,Food,Groceries,Cash,DMart,Groceries,9840,10000,500,Hyderabad,Completed,No,No,162304
TXN0133,23-Apr-2026,2026,Axis,Expense,Internet,Broadband,Cash,JioFiber,Broadband,14095,2000,1000,Bengaluru,Completed,Yes,Yes,148209
TXN0134,10-Apr-2026,2026,Axis,Expense,Internet,Broadband,UPI,Airtel,Broadband,11486,2000,0,Hyderabad,Completed,Yes,Yes,136723
TXN0135,02-May-2026,2026,HDFC,Expense,Rent,House Rent,UPI,City Homes,House Rent,20000,20000,0,Chennai,Completed,Yes,No,116723
TXN0136,16-Mar-2026,2026,HDFC,Income,Salary,Monthly Salary,Bank Transfer,Employer,Monthly salary received,45000,0,10000,Hyderabad,Completed,Yes,Yes,161723
TXN0137,07-Feb-2026,2026,ICICI,Income,Salary,Monthly Salary,Bank Transfer,Employer,Monthly salary received,50000,0,5000,Pune,Completed,Yes,Yes,211723
TXN0138,11-Apr-2026,2026,SBI,Expense,Internet,Mobile,Debit Card,Jio,Mobile,1032,2000,0,Mumbai,Completed,Yes,No,210691
TXN0139,19-Jun-2026,2026,Axis,Expense,Internet,Broadband,Debit Card,JioFiber,Broadband,1952,2000,2000,Delhi,Completed,Yes,No,208739
TXN0140,26-Jun-2026,2026,SBI,Expense,Fuel,Petrol,Bank Transfer,HP Petrol,Petrol,2567,5000,0,Chennai,Completed,No,No,206172
TXN0141,13-Jan-2026,2026,HDFC,Expense,Shopping,Supermarket,Net Banking,DMart,Supermarket,13549,8000,500,Mumbai,Completed,No,Yes,192623
TXN0142,16-Mar-2026,2026,ICICI,Expense,Internet,Mobile,Debit Card,Jio,Mobile,4578,2000,1000,Mumbai,Completed,Yes,No,188045
TXN0143,10-Apr-2026,2026,ICICI,Expense,Transport,Metro,Debit Card,Metro Rail,Metro,17515,5000,1000,Bengaluru,Completed,No,No,170530
TXN0144,05-Jun-2026,2026,HDFC,Expense,Food,Groceries,Bank Transfer,DMart,Groceries,11245,10000,500,Delhi,Completed,No,No,159285
TXN0145,13-Feb-2026,2026,SBI,Expense,Internet,Mobile,Bank Transfer,Airtel,Mobile,9496,2000,0,Hyderabad,Completed,Yes,Yes,149789
TXN0146,05-Apr-2026,2026,HDFC,Income,Freelancing,Project,Net Banking,Freelance Client,Freelance project payment,5000,0,2000,Mumbai,Completed,No,No,154789
TXN0147,10-Apr-2026,2026,Axis,Income,Salary,Monthly Salary,Cash,Employer,Monthly salary received,55000,0,0,Delhi,Completed,Yes,Yes,209789
TXN0148,13-Apr-2026,2026,ICICI,Expense,Food,Groceries,Credit Card,Reliance Fresh,Groceries,6596,10000,1000,Chennai,Completed,Yes,No,203193
TXN0149,10-Mar-2026,2026,ICICI,Expense,Shopping,Supermarket,UPI,DMart,Supermarket,16595,8000,0,Chennai,Completed,No,Yes,186598
TXN0150,15-Feb-2026,2026,SBI,Expense,Internet,Mobile,Net Banking,Jio,Mobile,2627,2000,2000,Mumbai,Completed,Yes,No,183971
TXN0151,11-Feb-2026,2026,HDFC,Expense,Food,Restaurant,UPI,Food Plaza,Restaurant,5050,10000,0,Hyderabad,Completed,No,No,178921
TXN0152,01-May-2026,2026,HDFC,Expense,Food,Dining,Bank Transfer,Food Court,Dining,13546,10000,1000,Delhi,Completed,Yes,No,165375
TXN0153,16-Apr-2026,2026,Axis,Expense,Food,Delivery,Bank Transfer,Swiggy,Delivery,15764,10000,500,Bengaluru,Completed,Yes,No,149611
TXN0154,04-Feb-2026,2026,SBI,Expense,Rent,House Rent,Debit Card,ABC Properties,House Rent,18000,20000,0,Delhi,Completed,Yes,No,131611
TXN0155,28-Feb-2026,2026,ICICI,Expense,Food,Dining,Bank Transfer,Restaurant,Dining,6932,10000,500,Delhi,Completed,Yes,No,124679
TXN0156,08-Jun-2026,2026,Axis,Expense,Fuel,Petrol,Net Banking,Indian Oil,Petrol,11563,5000,0,Delhi,Completed,No,No,113116
TXN0157,15-Jun-2026,2026,ICICI,Income,Freelancing,Project,UPI,Freelance Client,Freelance project payment,15000,0,5000,Chennai,Completed,Yes,Yes,128116
TXN0158,26-Jun-2026,2026,SBI,Expense,Rent,House Rent,Credit Card,ABC Properties,House Rent,22000,20000,1000,Hyderabad,Completed,Yes,No,106116
TXN0159,06-Jun-2026,2026,HDFC,Expense,Internet,Mobile,UPI,Airtel,Mobile,13565,2000,500,Hyderabad,Completed,Yes,Yes,92551
TXN0160,04-Mar-2026,2026,SBI,Expense,Healthcare,Pharmacy,Cash,MedPlus,Pharmacy,3672,4000,1000,Mumbai,Completed,No,No,88879
TXN0161,11-Feb-2026,2026,ICICI,Expense,Healthcare,Pharmacy,Net Banking,MedPlus,Pharmacy,16827,4000,1000,Delhi,Completed,No,No,72052
TXN0162,07-Jan-2026,2026,Axis,Expense,Healthcare,Pharmacy,Cash,MedPlus,Pharmacy,12063,4000,500,Pune,Completed,No,No,59989
TXN0163,16-Mar-2026,2026,Axis,Expense,Shopping,Supermarket,Credit Card,Reliance Fresh,Supermarket,12485,8000,0,Mumbai,Completed,No,Yes,47504
TXN0164,27-May-2026,2026,HDFC,Expense,Food,Delivery,Credit Card,Swiggy,Delivery,17023,10000,500,Hyderabad,Completed,Yes,No,30481
TXN0165,26-Jan-2026,2026,SBI,Expense,Internet,Mobile,UPI,Jio,Mobile,5227,2000,2000,Hyderabad,Completed,Yes,Yes,25254
TXN0166,13-Jan-2026,2026,Axis,Expense,Transport,Metro,Net Banking,Metro Rail,Metro,5380,5000,0,Bengaluru,Completed,Yes,No,19874
TXN0167,12-Feb-2026,2026,SBI,Expense,Shopping,Supermarket,Net Banking,Reliance Fresh,Supermarket,11522,8000,2000,Delhi,Completed,Yes,Yes,8352
TXN0168,03-May-2026,2026,Axis,Expense,Food,Delivery,Bank Transfer,Zomato,Delivery,10581,10000,0,Hyderabad,Completed,Yes,No,-2229
TXN0169,18-Jun-2026,2026,HDFC,Income,Salary,Monthly Salary,Net Banking,Employer,Monthly salary received,50000,0,0,Chennai,Completed,Yes,Yes,47771
TXN0170,06-Jan-2026,2026,SBI,Expense,Electricity,Bill,Net Banking,Electricity Board,Bill,13947,3000,2000,Hyderabad,Completed,Yes,No,33824
TXN0171,01-Jul-2026,2026,HDFC,Income,Salary,Monthly Salary,UPI,Employer,Monthly salary received,60000,0,2000,Delhi,Completed,Yes,Yes,93824
TXN0172,21-May-2026,2026,ICICI,Expense,Shopping,Supermarket,UPI,Reliance Fresh,Supermarket,16365,8000,500,Chennai,Completed,No,Yes,77459
TXN0173,19-Mar-2026,2026,ICICI,Income,Freelancing,Project,UPI,Freelance Client,Freelance project payment,15000,0,5000,Chennai,Completed,Yes,Yes,92459
TXN0174,28-May-2026,2026,SBI,Expense,Fuel,Petrol,Debit Card,HP Petrol,Petrol,1878,5000,0,Pune,Completed,Yes,No,90581
TXN0175,18-Jun-2026,2026,ICICI,Expense,Healthcare,Medical,UPI,City Hospital,Medical,9400,4000,2000,Chennai,Completed,No,No,81181
TXN0176,14-Jan-2026,2026,HDFC,Expense,Food,Delivery,Bank Transfer,Swiggy,Delivery,11323,10000,0,Chennai,Completed,No,No,69858
TXN0177,22-May-2026,2026,HDFC,Expense,Transport,Metro,Debit Card,Metro Rail,Metro,7035,5000,500,Pune,Completed,No,No,62823
TXN0178,17-Jun-2026,2026,HDFC,Expense,Rent,House Rent,Cash,City Homes,House Rent,18000,20000,1000,Delhi,Completed,Yes,No,44823
TXN0179,17-Mar-2026,2026,Axis,Expense,Food,Dining,Credit Card,Food Court,Dining,9824,10000,2000,Mumbai,Completed,Yes,No,34999
TXN0180,05-Feb-2026,2026,SBI,Income,Salary,Monthly Salary,UPI,Employer,Monthly salary received,60000,0,2000,Hyderabad,Completed,Yes,Yes,94999
TXN0181,18-Mar-2026,2026,HDFC,Expense,Electricity,Bill,Debit Card,Electricity Board,Bill,17384,3000,0,Bengaluru,Completed,Yes,No,77615
TXN0182,18-Feb-2026,2026,HDFC,Expense,Healthcare,Pharmacy,Credit Card,MedPlus,Pharmacy,9045,4000,1000,Pune,Completed,No,No,68570
TXN0183,20-Mar-2026,2026,Axis,Expense,Healthcare,Pharmacy,Credit Card,MedPlus,Pharmacy,4373,4000,0,Hyderabad,Completed,No,No,64197
TXN0184,27-Jun-2026,2026,Axis,Expense,Shopping,Electronics,UPI,Amazon,Electronics,7736,8000,1000,Chennai,Completed,No,Yes,56461
TXN0185,06-Jun-2026,2026,ICICI,Expense,Transport,Cab,Bank Transfer,Ola,Cab,8608,5000,0,Pune,Completed,Yes,No,47853
TXN0186,21-Jan-2026,2026,Axis,Expense,Entertainment,Movies,UPI,INOX,Movies,5410,3000,2000,Mumbai,Completed,No,No,42443
TXN0187,25-Jun-2026,2026,HDFC,Expense,Food,Delivery,Credit Card,Zomato,Delivery,2323,10000,2000,Chennai,Completed,No,No,40120
TXN0188,26-May-2026,2026,Axis,Expense,Shopping,Supermarket,Credit Card,DMart,Supermarket,1213,8000,0,Delhi,Completed,No,No,38907
TXN0189,13-Jan-2026,2026,SBI,Expense,Entertainment,Movies,Credit Card,INOX,Movies,2761,3000,500,Hyderabad,Completed,No,No,36146
TXN0190,05-Feb-2026,2026,SBI,Expense,Electricity,Bill,Credit Card,Electricity Board,Bill,12869,3000,0,Hyderabad,Completed,Yes,No,23277
TXN0191,01-Feb-2026,2026,HDFC,Expense,Fuel,Petrol,Cash,Bharat Petroleum,Petrol,613,5000,1000,Delhi,Completed,No,No,22664
TXN0192,18-May-2026,2026,SBI,Expense,Internet,Broadband,UPI,Airtel,Broadband,9532,2000,0,Bengaluru,Completed,Yes,Yes,13132
TXN0193,08-Jun-2026,2026,Axis,Income,Salary,Monthly Salary,Bank Transfer,Employer,Monthly salary received,60000,0,2000,Bengaluru,Completed,Yes,Yes,73132
TXN0194,24-Apr-2026,2026,HDFC,Income,Bonus,Bonus,UPI,Employer,Performance bonus,5000,0,5000,Delhi,Completed,No,No,78132
TXN0195,20-Mar-2026,2026,HDFC,Expense,Electricity,Bill,Cash,Electricity Board,Bill,9516,3000,2000,Chennai,Completed,Yes,No,68616
TXN0196,24-May-2026,2026,SBI,Expense,Electricity,Bill,Credit Card,Electricity Board,Bill,14142,3000,0,Mumbai,Completed,Yes,No,54474
TXN0197,18-Feb-2026,2026,SBI,Expense,Shopping,Supermarket,Credit Card,Reliance Fresh,Supermarket,5230,8000,2000,Bengaluru,Completed,No,Yes,49244
TXN0198,24-May-2026,2026,HDFC,Expense,Healthcare,Medical,Credit Card,City Hospital,Medical,3090,4000,0,Pune,Completed,No,No,46154
TXN0199,11-Mar-2026,2026,SBI,Expense,Rent,House Rent,Credit Card,City Homes,House Rent,18000,20000,0,Chennai,Completed,Yes,No,28154
TXN0200,05-Jan-2026,2026,HDFC,Expense,Food,Delivery,Bank Transfer,Zomato,Delivery,8449,10000,0,Bengaluru,Completed,Yes,No,19705
